Country code, country name
ABW,ARUBA,,,,,,,,,,,,,,,,,,,,,,,,,,,
AFG,AFGHANISTAN,,,,,,,,,,,,,,,,,,,,,,,,,,,
AGO,ANGOLA,,,,,,,,,,,,,,,,,,,,,,,,,,,
AIA,ANGUILLA,,,,,,,,,,,,,,,,,,,,,,,,,,,
ALB,ALBANIA,,,,,,,,,,,,,,,,,,,,,,,,,,,
AND,ANDORRA,,,,,,,,,,,,,,,,,,,,,,,,,,,
ANT,NETHERLANDS ANTILLES,,,,,,,,,,,,,,,,,,,,,,,,,,,
ARE,UNITED ARAB EMIRATES,,,,,,,,,,,,,,,,,,,,,,,,,,,
ARG,ARGENTINA,,,,,,,,,,,,,,,,,,,,,,,,,,,
ARM,ARMENIA,,,,,,,,,,,,,,,,,,,,,,,,,,,
ASM,AMERICAN SAMOA,,,,,,,,,,,,,,,,,,,,,,,,,,,
ATA,ANTARCTICA,,,,,,,,,,,,,,,,,,,,,,,,,,,
ATF,FRENCH SOUTHERN TERRITORIES,,,,,,,,,,,,,,,,,,,,,,,,,,,
ATG,ANTIGUA AND BARBUDA,,,,,,,,,,,,,,,,,,,,,,,,,,,
AUS,AUSTRALIA,,,,,,,,,,,,,,,,,,,,,,,,,,,
AUT,AUSTRIA,,,,,,,,,,,,,,,,,,,,,,,,,,,
AZE,AZERBAIJAN,,,,,,,,,,,,,,,,,,,,,,,,,,,
BDI,BURUNDI,,,,,,,,,,,,,,,,,,,,,,,,,,,
BEL,BELGIUM,,,,,,,,,,,,,,,,,,,,,,,,,,,
BEN,BENIN,,,,,,,,,,,,,,,,,,,,,,,,,,,
BFA,BURKINA FASO,,,,,,,,,,,,,,,,,,,,,,,,,,,
BGD,BANGLADESH,,,,,,,,,,,,,,,,,,,,,,,,,,,
BGR,BULGARIA,,,,,,,,,,,,,,,,,,,,,,,,,,,
BHR,BAHRAIN,,,,,,,,,,,,,,,,,,,,,,,,,,,
BHS,BAHAMAS,,,,,,,,,,,,,,,,,,,,,,,,,,,
BIH,BOSNIA AND HERZEGOWINA,,,,,,,,,,,,,,,,,,,,,,,,,,,
BLR,BELARUS,,,,,,,,,,,,,,,,,,,,,,,,,,,
BLZ,BELIZE,,,,,,,,,,,,,,,,,,,,,,,,,,,
BMU,BERMUDA,,,,,,,,,,,,,,,,,,,,,,,,,,,
BOL,BOLIVIA,,,,,,,,,,,,,,,,,,,,,,,,,,,
BRA,BRAZIL,,,,,,,,,,,,,,,,,,,,,,,,,,,
BRB,BARBADOS,,,,,,,,,,,,,,,,,,,,,,,,,,,
BRN,BRUNEI DARUSSALAM,,,,,,,,,,,,,,,,,,,,,,,,,,,
BTN,BHUTAN,,,,,,,,,,,,,,,,,,,,,,,,,,,
BVT,BOUVET ISLAND,,,,,,,,,,,,,,,,,,,,,,,,,,,
BWA,BOTSWANA,,,,,,,,,,,,,,,,,,,,,,,,,,,
CAF,CENTRAL AFRICAN REPUBLIC,,,,,,,,,,,,,,,,,,,,,,,,,,,
CAN,CANADA,,,,,,,,,,,,,,,,,,,,,,,,,,,
CCK,COCOS (KEELING) ISLANDS,,,,,,,,,,,,,,,,,,,,,,,,,,,
CHE,SWITZERLAND,,,,,,,,,,,,,,,,,,,,,,,,,,,
CHL,CHILE,,,,,,,,,,,,,,,,,,,,,,,,,,,
CHN,CHINA,,,,,,,,,,,,,,,,,,,,,,,,,,,
CIV,COTE D'IVOIRE,,,,,,,,,,,,,,,,,,,,,,,,,,,
CMR,CAMEROON,,,,,,,,,,,,,,,,,,,,,,,,,,,
COD,"CONGO, THE DRC",,,,,,,,,,,,,,,,,,,,,,,,,,,
COG,CONGO,,,,,,,,,,,,,,,,,,,,,,,,,,,
COK,COOK ISLANDS,,,,,,,,,,,,,,,,,,,,,,,,,,,
COL,COLOMBIA,,,,,,,,,,,,,,,,,,,,,,,,,,,
COM,COMOROS,,,,,,,,,,,,,,,,,,,,,,,,,,,
CPV,CAPE VERDE,,,,,,,,,,,,,,,,,,,,,,,,,,,
CRI,COSTA RICA,,,,,,,,,,,,,,,,,,,,,,,,,,,
CUB,CUBA,,,,,,,,,,,,,,,,,,,,,,,,,,,
CXR,CHRISTMAS ISLAND,,,,,,,,,,,,,,,,,,,,,,,,,,,
CYM,CAYMAN ISLANDS,,,,,,,,,,,,,,,,,,,,,,,,,,,
CYP,CYPRUS,,,,,,,,,,,,,,,,,,,,,,,,,,,
CZE,CZECH REPUBLIC,,,,,,,,,,,,,,,,,,,,,,,,,,,
DEU,GERMANY,,,,,,,,,,,,,,,,,,,,,,,,,,,
DJI,DJIBOUTI,,,,,,,,,,,,,,,,,,,,,,,,,,,
DMA,DOMINICA,,,,,,,,,,,,,,,,,,,,,,,,,,,
DNK,DENMARK,,,,,,,,,,,,,,,,,,,,,,,,,,,
DOM,DOMINICAN REPUBLIC,,,,,,,,,,,,,,,,,,,,,,,,,,,
DZA,ALGERIA,,,,,,,,,,,,,,,,,,,,,,,,,,,
ECU,ECUADOR,,,,,,,,,,,,,,,,,,,,,,,,,,,
EGY,EGYPT,,,,,,,,,,,,,,,,,,,,,,,,,,,
ERI,ERITREA,,,,,,,,,,,,,,,,,,,,,,,,,,,
ESH,WESTERN SAHARA,,,,,,,,,,,,,,,,,,,,,,,,,,,
ESP,SPAIN,,,,,,,,,,,,,,,,,,,,,,,,,,,
EST,ESTONIA,,,,,,,,,,,,,,,,,,,,,,,,,,,
ETH,ETHIOPIA,,,,,,,,,,,,,,,,,,,,,,,,,,,
FIN,FINLAND,,,,,,,,,,,,,,,,,,,,,,,,,,,
FJI,FIJI,,,,,,,,,,,,,,,,,,,,,,,,,,,
FLK,FALKLAND ISLANDS (MALVINAS),,,,,,,,,,,,,,,,,,,,,,,,,,,
FRA,FRANCE,,,,,,,,,,,,,,,,,,,,,,,,,,,
FRO,FAROE ISLANDS,,,,,,,,,,,,,,,,,,,,,,,,,,,
FSM,"MICRONESIA, FEDERATED STATES OF",,,,,,,,,,,,,,,,,,,,,,,,,,,
FXX,"FRANCE, METROPOLITAN",,,,,,,,,,,,,,,,,,,,,,,,,,,
GAB,GABON,,,,,,,,,,,,,,,,,,,,,,,,,,,
GBR,UNITED KINGDOM,,,,,,,,,,,,,,,,,,,,,,,,,,,
GEO,GEORGIA,,,,,,,,,,,,,,,,,,,,,,,,,,,
GHA,GHANA,,,,,,,,,,,,,,,,,,,,,,,,,,,
GIB,GIBRALTAR,,,,,,,,,,,,,,,,,,,,,,,,,,,
GIN,GUINEA,,,,,,,,,,,,,,,,,,,,,,,,,,,
GLP,GUADELOUPE,,,,,,,,,,,,,,,,,,,,,,,,,,,
GMB,GAMBIA,,,,,,,,,,,,,,,,,,,,,,,,,,,
GNB,GUINEA-BISSAU,,,,,,,,,,,,,,,,,,,,,,,,,,,
GNQ,EQUATORIAL GUINEA,,,,,,,,,,,,,,,,,,,,,,,,,,,
GRC,GREECE,,,,,,,,,,,,,,,,,,,,,,,,,,,
GRD,GRENADA,,,,,,,,,,,,,,,,,,,,,,,,,,,
GRL,GREENLAND,,,,,,,,,,,,,,,,,,,,,,,,,,,
GTM,GUATEMALA,,,,,,,,,,,,,,,,,,,,,,,,,,,
GUF,FRENCH GUIANA,,,,,,,,,,,,,,,,,,,,,,,,,,,
GUM,GUAM,,,,,,,,,,,,,,,,,,,,,,,,,,,
GUY,GUYANA,,,,,,,,,,,,,,,,,,,,,,,,,,,
HKG,HONG KONG,,,,,,,,,,,,,,,,,,,,,,,,,,,
HMD,HEARD AND MC DONALD ISLANDS,,,,,,,,,,,,,,,,,,,,,,,,,,,
HND,HONDURAS,,,,,,,,,,,,,,,,,,,,,,,,,,,
HRV,CROATIA (local name: Hrvatska),,,,,,,,,,,,,,,,,,,,,,,,,,,
HTI,HAITI,,,,,,,,,,,,,,,,,,,,,,,,,,,
HUN,HUNGARY,,,,,,,,,,,,,,,,,,,,,,,,,,,
IDN,INDONESIA,,,,,,,,,,,,,,,,,,,,,,,,,,,
IND,INDIA,,,,,,,,,,,,,,,,,,,,,,,,,,,
IOT,BRITISH INDIAN OCEAN TERRITORY,,,,,,,,,,,,,,,,,,,,,,,,,,,
IRL,IRELAND,,,,,,,,,,,,,,,,,,,,,,,,,,,
IRN,IRAN (ISLAMIC REPUBLIC OF),,,,,,,,,,,,,,,,,,,,,,,,,,,
IRQ,IRAQ,,,,,,,,,,,,,,,,,,,,,,,,,,,
ISL,ICELAND,,,,,,,,,,,,,,,,,,,,,,,,,,,
ISR,ISRAEL,,,,,,,,,,,,,,,,,,,,,,,,,,,
ITA,ITALY,,,,,,,,,,,,,,,,,,,,,,,,,,,
JAM,JAMAICA,,,,,,,,,,,,,,,,,,,,,,,,,,,
JOR,JORDAN,,,,,,,,,,,,,,,,,,,,,,,,,,,
JPN,JAPAN,,,,,,,,,,,,,,,,,,,,,,,,,,,
KAZ,KAZAKHSTAN,,,,,,,,,,,,,,,,,,,,,,,,,,,
KEN,KENYA,,,,,,,,,,,,,,,,,,,,,,,,,,,
KGZ,KYRGYZSTAN,,,,,,,,,,,,,,,,,,,,,,,,,,,
KHM,CAMBODIA,,,,,,,,,,,,,,,,,,,,,,,,,,,
KIR,KIRIBATI,,,,,,,,,,,,,,,,,,,,,,,,,,,
KNA,SAINT KITTS AND NEVIS,,,,,,,,,,,,,,,,,,,,,,,,,,,
KOR,"KOREA, REPUBLIC OF",,,,,,,,,,,,,,,,,,,,,,,,,,,
KWT,KUWAIT,,,,,,,,,,,,,,,,,,,,,,,,,,,
LAO,LAOS,,,,,,,,,,,,,,,,,,,,,,,,,,,
LBN,LEBANON,,,,,,,,,,,,,,,,,,,,,,,,,,,
LBR,LIBERIA,,,,,,,,,,,,,,,,,,,,,,,,,,,
LBY,LIBYAN ARAB JAMAHIRIYA,,,,,,,,,,,,,,,,,,,,,,,,,,,
LCA,SAINT LUCIA,,,,,,,,,,,,,,,,,,,,,,,,,,,
LIE,LIECHTENSTEIN,,,,,,,,,,,,,,,,,,,,,,,,,,,
LKA,SRI LANKA,,,,,,,,,,,,,,,,,,,,,,,,,,,
LSO,LESOTHO,,,,,,,,,,,,,,,,,,,,,,,,,,,
LTU,LITHUANIA,,,,,,,,,,,,,,,,,,,,,,,,,,,
LUX,LUXEMBOURG,,,,,,,,,,,,,,,,,,,,,,,,,,,
LVA,LATVIA,,,,,,,,,,,,,,,,,,,,,,,,,,,
MAC,MACAU,,,,,,,,,,,,,,,,,,,,,,,,,,,
MAR,MOROCCO,,,,,,,,,,,,,,,,,,,,,,,,,,,
MCO,MONACO,,,,,,,,,,,,,,,,,,,,,,,,,,,
MDA,"MOLDOVA, REPUBLIC OF",,,,,,,,,,,,,,,,,,,,,,,,,,,
MDG,MADAGASCAR,,,,,,,,,,,,,,,,,,,,,,,,,,,
MDV,MALDIVES,,,,,,,,,,,,,,,,,,,,,,,,,,,
MEX,MEXICO,,,,,,,,,,,,,,,,,,,,,,,,,,,
MHL,MARSHALL ISLANDS,,,,,,,,,,,,,,,,,,,,,,,,,,,
MKD,MACEDONIA,,,,,,,,,,,,,,,,,,,,,,,,,,,
MLI,MALI,,,,,,,,,,,,,,,,,,,,,,,,,,,
MLT,MALTA,,,,,,,,,,,,,,,,,,,,,,,,,,,
MMR,MYANMAR (Burma),,,,,,,,,,,,,,,,,,,,,,,,,,,
MNE,MONTENEGRO,,,,,,,,,,,,,,,,,,,,,,,,,,,
MNG,MONGOLIA,,,,,,,,,,,,,,,,,,,,,,,,,,,
MNP,NORTHERN MARIANA ISLANDS,,,,,,,,,,,,,,,,,,,,,,,,,,,
MOZ,MOZAMBIQUE,,,,,,,,,,,,,,,,,,,,,,,,,,,
MRT,MAURITANIA,,,,,,,,,,,,,,,,,,,,,,,,,,,
MSR,MONTSERRAT,,,,,,,,,,,,,,,,,,,,,,,,,,,
MTQ,MARTINIQUE,,,,,,,,,,,,,,,,,,,,,,,,,,,
MUS,MAURITIUS,,,,,,,,,,,,,,,,,,,,,,,,,,,
MWI,MALAWI,,,,,,,,,,,,,,,,,,,,,,,,,,,
MYS,MALAYSIA,,,,,,,,,,,,,,,,,,,,,,,,,,,
MYT,MAYOTTE,,,,,,,,,,,,,,,,,,,,,,,,,,,
NAM,NAMIBIA,,,,,,,,,,,,,,,,,,,,,,,,,,,
NCL,NEW CALEDONIA,,,,,,,,,,,,,,,,,,,,,,,,,,,
NER,NIGER,,,,,,,,,,,,,,,,,,,,,,,,,,,
NFK,NORFOLK ISLAND,,,,,,,,,,,,,,,,,,,,,,,,,,,
NGA,NIGERIA,,,,,,,,,,,,,,,,,,,,,,,,,,,
NIC,NICARAGUA,,,,,,,,,,,,,,,,,,,,,,,,,,,
NIU,NIUE,,,,,,,,,,,,,,,,,,,,,,,,,,,
NLD,NETHERLANDS,,,,,,,,,,,,,,,,,,,,,,,,,,,
NOR,NORWAY,,,,,,,,,,,,,,,,,,,,,,,,,,,
NPL,NEPAL,,,,,,,,,,,,,,,,,,,,,,,,,,,
NRU,NAURU,,,,,,,,,,,,,,,,,,,,,,,,,,,
NZL,NEW ZEALAND,,,,,,,,,,,,,,,,,,,,,,,,,,,
OMN,OMAN,,,,,,,,,,,,,,,,,,,,,,,,,,,
PAK,PAKISTAN,,,,,,,,,,,,,,,,,,,,,,,,,,,
PAN,PANAMA,,,,,,,,,,,,,,,,,,,,,,,,,,,
PCN,PITCAIRN,,,,,,,,,,,,,,,,,,,,,,,,,,,
PER,PERU,,,,,,,,,,,,,,,,,,,,,,,,,,,
PHL,PHILIPPINES,,,,,,,,,,,,,,,,,,,,,,,,,,,
PLW,PALAU,,,,,,,,,,,,,,,,,,,,,,,,,,,
PNG,PAPUA NEW GUINEA,,,,,,,,,,,,,,,,,,,,,,,,,,,
POL,POLAND,,,,,,,,,,,,,,,,,,,,,,,,,,,
PRI,PUERTO RICO,,,,,,,,,,,,,,,,,,,,,,,,,,,
PRK,"KOREA, D.P.R.O.",,,,,,,,,,,,,,,,,,,,,,,,,,,
PRT,PORTUGAL,,,,,,,,,,,,,,,,,,,,,,,,,,,
PRY,PARAGUAY,,,,,,,,,,,,,,,,,,,,,,,,,,,
PYF,FRENCH POLYNESIA,,,,,,,,,,,,,,,,,,,,,,,,,,,
QAT,QATAR,,,,,,,,,,,,,,,,,,,,,,,,,,,
REU,REUNION,,,,,,,,,,,,,,,,,,,,,,,,,,,
ROM,ROMANIA,,,,,,,,,,,,,,,,,,,,,,,,,,,
RUS,RUSSIAN FEDERATION,,,,,,,,,,,,,,,,,,,,,,,,,,,
RWA,RWANDA,,,,,,,,,,,,,,,,,,,,,,,,,,,
SAU,SAUDI ARABIA,,,,,,,,,,,,,,,,,,,,,,,,,,,
SDN,SUDAN,,,,,,,,,,,,,,,,,,,,,,,,,,,
SEN,SENEGAL,,,,,,,,,,,,,,,,,,,,,,,,,,,
SGP,SINGAPORE,,,,,,,,,,,,,,,,,,,,,,,,,,,
SGS,SOUTH GEORGIA AND SOUTH S.S.,,,,,,,,,,,,,,,,,,,,,,,,,,,
SHN,ST. HELENA,,,,,,,,,,,,,,,,,,,,,,,,,,,
SJM,SVALBARD AND JAN MAYEN ISLANDS,,,,,,,,,,,,,,,,,,,,,,,,,,,
SLB,SOLOMON ISLANDS,,,,,,,,,,,,,,,,,,,,,,,,,,,
SLE,SIERRA LEONE,,,,,,,,,,,,,,,,,,,,,,,,,,,
SLV,EL SALVADOR,,,,,,,,,,,,,,,,,,,,,,,,,,,
SMR,SAN MARINO,,,,,,,,,,,,,,,,,,,,,,,,,,,
SOM,SOMALIA,,,,,,,,,,,,,,,,,,,,,,,,,,,
SPM,ST. PIERRE AND MIQUELON,,,,,,,,,,,,,,,,,,,,,,,,,,,
SRB,SERBIA,,,,,,,,,,,,,,,,,,,,,,,,,,,
SSD,SOUTH SUDAN,,,,,,,,,,,,,,,,,,,,,,,,,,,
STP,SAO TOME AND PRINCIPE,,,,,,,,,,,,,,,,,,,,,,,,,,,
SUR,SURINAME,,,,,,,,,,,,,,,,,,,,,,,,,,,
SVK,SLOVAKIA (Slovak Republic),,,,,,,,,,,,,,,,,,,,,,,,,,,
SVN,SLOVENIA,,,,,,,,,,,,,,,,,,,,,,,,,,,
SWE,SWEDEN,,,,,,,,,,,,,,,,,,,,,,,,,,,
SWZ,SWAZILAND,,,,,,,,,,,,,,,,,,,,,,,,,,,
SYC,SEYCHELLES,,,,,,,,,,,,,,,,,,,,,,,,,,,
SYR,SYRIAN ARAB REPUBLIC,,,,,,,,,,,,,,,,,,,,,,,,,,,
TCA,TURKS AND CAICOS ISLANDS,,,,,,,,,,,,,,,,,,,,,,,,,,,
TCD,CHAD,,,,,,,,,,,,,,,,,,,,,,,,,,,
TGO,TOGO,,,,,,,,,,,,,,,,,,,,,,,,,,,
THA,THAILAND,,,,,,,,,,,,,,,,,,,,,,,,,,,
TJK,TAJIKISTAN,,,,,,,,,,,,,,,,,,,,,,,,,,,
TKL,TOKELAU,,,,,,,,,,,,,,,,,,,,,,,,,,,
TKM,TURKMENISTAN,,,,,,,,,,,,,,,,,,,,,,,,,,,
TMP,EAST TIMOR,,,,,,,,,,,,,,,,,,,,,,,,,,,
TON,TONGA,,,,,,,,,,,,,,,,,,,,,,,,,,,
TTO,TRINIDAD AND TOBAGO,,,,,,,,,,,,,,,,,,,,,,,,,,,
TUN,TUNISIA,,,,,,,,,,,,,,,,,,,,,,,,,,,
TUR,TURKEY,,,,,,,,,,,,,,,,,,,,,,,,,,,
TUV,TUVALU,,,,,,,,,,,,,,,,,,,,,,,,,,,
TWN,"TAIWAN, PROVINCE OF CHINA",,,,,,,,,,,,,,,,,,,,,,,,,,,
TZA,"TANZANIA, UNITED REPUBLIC OF",,,,,,,,,,,,,,,,,,,,,,,,,,,
UGA,UGANDA,,,,,,,,,,,,,,,,,,,,,,,,,,,
UKR,UKRAINE,,,,,,,,,,,,,,,,,,,,,,,,,,,
UMI,U.S. MINOR ISLANDS,,,,,,,,,,,,,,,,,,,,,,,,,,,
URY,URUGUAY,,,,,,,,,,,,,,,,,,,,,,,,,,,
USA,UNITED STATES,,,,,,,,,,,,,,,,,,,,,,,,,,,
UZB,UZBEKISTAN,,,,,,,,,,,,,,,,,,,,,,,,,,,
VAT,HOLY SEE (VATICAN CITY STATE),,,,,,,,,,,,,,,,,,,,,,,,,,,
VCT,SAINT VINCENT AND THE GRENADINES,,,,,,,,,,,,,,,,,,,,,,,,,,,
VEN,VENEZUELA,,,,,,,,,,,,,,,,,,,,,,,,,,,
VGB,VIRGIN ISLANDS (BRITISH),,,,,,,,,,,,,,,,,,,,,,,,,,,
VIR,VIRGIN ISLANDS (U.S.),,,,,,,,,,,,,,,,,,,,,,,,,,,
VNM,VIET NAM,,,,,,,,,,,,,,,,,,,,,,,,,,,
VUT,VANUATU,,,,,,,,,,,,,,,,,,,,,,,,,,,
WLF,WALLIS AND FUTUNA ISLANDS,,,,,,,,,,,,,,,,,,,,,,,,,,,
WSM,SAMOA,,,,,,,,,,,,,,,,,,,,,,,,,,,
YEM,YEMEN,,,,,,,,,,,,,,,,,,,,,,,,,,,
ZAF,SOUTH AFRICA,,,,,,,,,,,,,,,,,,,,,,,,,,,
ZMB,ZAMBIA,,,,,,,,,,,,,,,,,,,,,,,,,,,
ZWE,ZIMBABWE,,,,,,,,,,,,,,,,,,,,,,,,,,,
